[
  {
    "id": "61f77781-baee-4fc1-85f9-775ddad2217a",
    "data": [
      {
        "text": "Administrator access is needed",
        "userDefined": false
      }
    ],
    "isTemplate": false,
    "count": 0,
    "updated": 1510133785
  },
  {
    "id": "c749fc86-784a-45af-a5b5-de3ea736b9f6",
    "data": [
      {
        "text": "I want admin access",
        "userDefined": false
      }
    ],
    "isTemplate": false,
    "count": 0,
    "updated": 1510133785
  },
  {
    "id": "aa1affa1-a01b-49d3-bebc-d8b37ab0f855",
    "data": [
      {
        "text": "I need admin access",
        "userDefined": false
      }
    ],
    "isTemplate": false,
    "count": 0,
    "updated": 1510133785
  }
]