[
  {
    "id": "5c8413b7-1286-4350-90c1-0a8d5f219c4b",
    "data": [
      {
        "text": "C drive is not working",
        "userDefined": false
      }
    ],
    "isTemplate": false,
    "count": 0,
    "updated": 1510565526
  },
  {
    "id": "631f090e-13aa-4b5a-936c-696392f0d3d7",
    "data": [
      {
        "text": "corrupted drive",
        "meta": "@sys.ignore",
        "userDefined": false
      }
    ],
    "isTemplate": false,
    "count": 0,
    "updated": 1510565526
  },
  {
    "id": "4d348271-1962-43fb-a227-0bf146c6fe09",
    "data": [
      {
        "text": "corrupted  c drive",
        "userDefined": false
      }
    ],
    "isTemplate": false,
    "count": 1,
    "updated": 1510565526
  },
  {
    "id": "9c02ee95-22df-4297-82aa-e63886b5ec2c",
    "data": [
      {
        "text": "my C drive is corrupted",
        "userDefined": false
      }
    ],
    "isTemplate": false,
    "count": 0,
    "updated": 1510565526
  }
]