[
  {
    "id": "639d939e-605d-4fdc-a8d3-ff08db83af56",
    "data": [
      {
        "text": "jenny",
        "alias": "given-name",
        "meta": "@sys.given-name",
        "userDefined": false
      }
    ],
    "isTemplate": false,
    "count": 0
  },
  {
    "id": "f43959b1-3f11-4fb6-9437-76dec3595d11",
    "data": [
      {
        "text": "hi ",
        "userDefined": false
      },
      {
        "text": "jenny",
        "alias": "given-name",
        "meta": "@sys.given-name",
        "userDefined": false
      }
    ],
    "isTemplate": false,
    "count": 0
  },
  {
    "id": "3d393f90-cfec-47d1-bd4f-d45dc26ffabd",
    "data": [
      {
        "text": "hi",
        "userDefined": false
      }
    ],
    "isTemplate": false,
    "count": 0,
    "updated": 1506418914
  },
  {
    "id": "d284ffc3-7855-4f8a-9191-161d690255cf",
    "data": [
      {
        "text": "hello",
        "userDefined": false
      }
    ],
    "isTemplate": false,
    "count": 0,
    "updated": 1506418914
  },
  {
    "id": "26be9deb-bc7b-48cb-b201-cd441bd68d69",
    "data": [
      {
        "text": "hey",
        "userDefined": false
      }
    ],
    "isTemplate": false,
    "count": 0,
    "updated": 1506418914
  }
]