[
  {
    "id": "8e158afd-0bcc-4879-81b3-be5f1173581b",
    "data": [
      {
        "text": "laptop is stuck",
        "userDefined": false
      }
    ],
    "isTemplate": false,
    "count": 0,
    "updated": 1510727886
  },
  {
    "id": "6a95e576-1e6d-4785-9961-0a7b1afb92d7",
    "data": [
      {
        "text": "I am getting a ",
        "userDefined": false
      },
      {
        "text": "blue",
        "meta": "@sys.ignore",
        "userDefined": false
      },
      {
        "text": " screen",
        "userDefined": false
      }
    ],
    "isTemplate": false,
    "count": 0,
    "updated": 1510727886
  },
  {
    "id": "ff428b78-c90b-43e2-bb6f-b0ca1c7569c2",
    "data": [
      {
        "text": "my laptop has frozen",
        "userDefined": false
      }
    ],
    "isTemplate": false,
    "count": 0,
    "updated": 1510727886
  }
]