[
  {
    "id": "9049fe15-873f-4089-a6f9-e776cb55b3f1",
    "data": [
      {
        "text": "laptop screen is damaged",
        "userDefined": false
      }
    ],
    "isTemplate": false,
    "count": 0,
    "updated": 0
  },
  {
    "id": "a8463f7d-f1db-4a28-862e-7b664ef702c1",
    "data": [
      {
        "text": "there is a scratch on my laptop screen",
        "userDefined": false
      }
    ],
    "isTemplate": false,
    "count": 0,
    "updated": 0
  },
  {
    "id": "41de021f-991d-42d4-bb70-da2ac50c3c34",
    "data": [
      {
        "text": "my laptop is damaged",
        "userDefined": false
      }
    ],
    "isTemplate": false,
    "count": 3,
    "updated": 1509430829
  }
]