[
  {
    "id": "7cb6f7ed-b2b0-4a13-a3f4-d844f519bd51",
    "data": [
      {
        "text": "I want to change the password",
        "userDefined": false
      }
    ],
    "isTemplate": false,
    "count": 0,
    "updated": 1510132126
  },
  {
    "id": "ddc43820-c8d2-49f6-a836-1e9d0c19e0a5",
    "data": [
      {
        "text": "account locked",
        "userDefined": false
      }
    ],
    "isTemplate": false,
    "count": 0,
    "updated": 1510132126
  },
  {
    "id": "43f04a33-6695-494f-b66c-38c0a5f8f816",
    "data": [
      {
        "text": "I want to change the enterprise password",
        "userDefined": false
      }
    ],
    "isTemplate": false,
    "count": 0,
    "updated": 1510132126
  },
  {
    "id": "9600f68b-9d30-4b2c-b1c0-e085b6f05dc0",
    "data": [
      {
        "text": "password reset",
        "userDefined": false
      }
    ],
    "isTemplate": false,
    "count": 0
  },
  {
    "id": "9f84ffa6-d64f-4ad8-ac75-2e21a0a6a3da",
    "data": [
      {
        "text": "this is my windows ",
        "userDefined": false
      },
      {
        "text": "account",
        "alias": "Account",
        "meta": "@account",
        "userDefined": false
      }
    ],
    "isTemplate": false,
    "count": 1,
    "updated": 0
  },
  {
    "id": "391dcb07-8142-44b6-b3a5-b8bfefe9fa65",
    "data": [
      {
        "text": "password change",
        "userDefined": false
      }
    ],
    "isTemplate": false,
    "count": 0,
    "updated": 1510132126
  },
  {
    "id": "96008237-4094-4e90-a49c-168980bbc476",
    "data": [
      {
        "text": "password has expired",
        "userDefined": false
      }
    ],
    "isTemplate": false,
    "count": 0,
    "updated": 1510132126
  },
  {
    "id": "6e148e4e-8733-47a6-8042-d4991e01a69c",
    "data": [
      {
        "text": "my ",
        "userDefined": false
      },
      {
        "text": "account",
        "alias": "Account",
        "meta": "@account",
        "userDefined": false
      },
      {
        "text": " is locked",
        "userDefined": false
      }
    ],
    "isTemplate": false,
    "count": 1,
    "updated": 0
  }
]