[
  {
    "id": "fc0c5120-22a6-4b92-bd8d-c749fd4e2355",
    "data": [
      {
        "text": "my ",
        "userDefined": false
      },
      {
        "text": "name",
        "meta": "@sys.ignore",
        "userDefined": false
      },
      {
        "text": " is ",
        "userDefined": false
      },
      {
        "text": "shreyas",
        "alias": "Name",
        "meta": "@Name",
        "userDefined": true
      }
    ],
    "isTemplate": false,
    "count": 0,
    "updated": 0
  },
  {
    "id": "c90149f8-5ff6-4193-b497-0d83aff96a61",
    "data": [
      {
        "text": "my employee ",
        "userDefined": false
      },
      {
        "text": "ID",
        "meta": "@sys.ignore",
        "userDefined": false
      },
      {
        "text": " is ",
        "userDefined": false
      },
      {
        "text": "123",
        "alias": "ID",
        "meta": "@ID",
        "userDefined": false
      }
    ],
    "isTemplate": false,
    "count": 0,
    "updated": 0
  },
  {
    "id": "978aac5b-aa37-4d24-a15b-e875027c03dc",
    "data": [
      {
        "text": "the ",
        "userDefined": false
      },
      {
        "text": "IP address",
        "meta": "@sys.ignore",
        "userDefined": false
      },
      {
        "text": " is ",
        "userDefined": false
      },
      {
        "text": "12.34.12.45",
        "alias": "IP",
        "meta": "@IP",
        "userDefined": true
      }
    ],
    "isTemplate": false,
    "count": 0,
    "updated": 0
  },
  {
    "id": "6ab5d13f-92b6-4374-bfc3-c7363609724d",
    "data": [
      {
        "text": "my ",
        "userDefined": false
      },
      {
        "text": "name",
        "alias": "Name",
        "meta": "@Name",
        "userDefined": false
      },
      {
        "text": " is shreyas",
        "userDefined": false
      }
    ],
    "isTemplate": false,
    "count": 0,
    "updated": 0
  },
  {
    "id": "55c14370-379f-4e2d-b254-54061b5026ab",
    "data": [
      {
        "text": "my employee ",
        "userDefined": false
      },
      {
        "text": "ID",
        "meta": "@sys.ignore",
        "userDefined": false
      },
      {
        "text": " is ",
        "userDefined": false
      },
      {
        "text": "123",
        "alias": "ID",
        "meta": "@ID",
        "userDefined": false
      }
    ],
    "isTemplate": false,
    "count": 0,
    "updated": 0
  },
  {
    "id": "11cbb9ce-723b-4c86-a763-c491b78d7990",
    "data": [
      {
        "text": "the ",
        "userDefined": false
      },
      {
        "text": "IP address",
        "meta": "@sys.ignore",
        "userDefined": false
      },
      {
        "text": " is ",
        "userDefined": false
      },
      {
        "text": "12.34.12.45",
        "alias": "IP",
        "meta": "@IP",
        "userDefined": true
      }
    ],
    "isTemplate": false,
    "count": 0,
    "updated": 0
  },
  {
    "id": "8ef5b1f5-e34f-444c-a589-2f6d1a4efa6f",
    "data": [
      {
        "text": "printer is down",
        "userDefined": false
      }
    ],
    "isTemplate": false,
    "count": 0,
    "updated": 1510735097
  },
  {
    "id": "1053b19a-9f0d-437e-9a62-54a63d0b2936",
    "data": [
      {
        "text": "printer is not working",
        "userDefined": false
      }
    ],
    "isTemplate": false,
    "count": 0,
    "updated": 1510735097
  }
]