[
  {
    "id": "9951cf71-24fe-45ec-a154-3fd0ed0c562b",
    "data": [
      {
        "text": "I am sorry can you please say that again?",
        "userDefined": false
      }
    ],
    "isTemplate": false,
    "count": 0
  },
  {
    "id": "b3d219cf-e50c-4eb5-a5f2-bce16c7c8a16",
    "data": [
      {
        "text": "can u repeat what u said",
        "userDefined": false
      }
    ],
    "isTemplate": false,
    "count": 0,
    "updated": 0
  },
  {
    "id": "6e28c87e-8df7-401f-91e8-7db102a4bfb4",
    "data": [
      {
        "text": "can you please repeat that",
        "userDefined": false
      }
    ],
    "isTemplate": false,
    "count": 0
  },
  {
    "id": "c73acaa4-d60a-44ba-a276-27abeb108df2",
    "data": [
      {
        "text": "i did not get that",
        "userDefined": false
      }
    ],
    "isTemplate": false,
    "count": 0,
    "updated": 0
  }
]