[
  {
    "id": "d8e22edd-2684-4411-9416-f1853e665243",
    "data": [
      {
        "text": "I am unable to load skype",
        "userDefined": false
      }
    ],
    "isTemplate": false,
    "count": 0,
    "updated": 1508997365
  },
  {
    "id": "04157ed0-cb8f-4ece-b897-32119540101b",
    "data": [
      {
        "text": "skype is not working",
        "userDefined": false
      }
    ],
    "isTemplate": false,
    "count": 0,
    "updated": 0
  },
  {
    "id": "fa2153f8-4979-454e-9e1c-413b02c82f75",
    "data": [
      {
        "text": "Unable to open skype",
        "userDefined": false
      }
    ],
    "isTemplate": false,
    "count": 1,
    "updated": 1508997365
  },
  {
    "id": "93ba620d-12e0-4757-a6b0-e725e3676c27",
    "data": [
      {
        "text": "skype is not opening",
        "userDefined": false
      }
    ],
    "isTemplate": false,
    "count": 0,
    "updated": 0
  },
  {
    "id": "a88205ea-dd41-441e-9f75-9638b88c9a4e",
    "data": [
      {
        "text": "Unable to load skype",
        "userDefined": false
      }
    ],
    "isTemplate": false,
    "count": 0,
    "updated": 0
  }
]