[
  {
    "id": "83a8a6eb-e356-4bd9-9f1b-525a45ce4827",
    "data": [
      {
        "text": "i have a problem with my VPN",
        "userDefined": false
      }
    ],
    "isTemplate": false,
    "count": 0,
    "updated": 1510565938
  },
  {
    "id": "c666735f-5df2-4ba5-bc40-07d690c159b4",
    "data": [
      {
        "text": "VPN is not working",
        "userDefined": false
      }
    ],
    "isTemplate": false,
    "count": 0,
    "updated": 1510565938
  },
  {
    "id": "9264d29f-5d3a-4380-89f6-f654313988d7",
    "data": [
      {
        "text": "VPN seems to be down",
        "userDefined": false
      }
    ],
    "isTemplate": false,
    "count": 0,
    "updated": 1510565938
  },
  {
    "id": "58ef8b71-0603-427b-be30-615db0be573d",
    "data": [
      {
        "text": "VPN is not connecting",
        "userDefined": false
      }
    ],
    "isTemplate": false,
    "count": 0,
    "updated": 1510565938
  }
]