[
  {
    "id": "5b05902a-0bc2-49aa-b952-78ca29703d2e",
    "data": [
      {
        "text": "I want admin access",
        "userDefined": false
      }
    ],
    "isTemplate": false,
    "count": 0,
    "updated": 1510133785
  },
  {
    "id": "7f1912cf-ca3c-49f0-b771-7a3becb7e83b",
    "data": [
      {
        "text": "Administrator access is needed",
        "userDefined": false
      }
    ],
    "isTemplate": false,
    "count": 0,
    "updated": 1510133785
  },
  {
    "id": "2a6fc7ff-2a79-45f5-88e9-c6e3057d7a14",
    "data": [
      {
        "text": "I need admin access",
        "userDefined": false
      }
    ],
    "isTemplate": false,
    "count": 0,
    "updated": 1510133785
  }
]