[
  {
    "id": "be2fd268-e40a-42cb-8626-2b7be8008e69",
    "data": [
      {
        "text": "i cannot find my laptop",
        "userDefined": false
      }
    ],
    "isTemplate": false,
    "count": 0,
    "updated": 0
  },
  {
    "id": "8cd69744-fb0f-419b-a79e-ce726e6d7ad4",
    "data": [
      {
        "text": "i think i misplaced my laptop",
        "userDefined": false
      }
    ],
    "isTemplate": false,
    "count": 0,
    "updated": 0
  },
  {
    "id": "d4a1650d-2d88-4dbf-8174-aa3c657cecdd",
    "data": [
      {
        "text": "i have lost my laptop",
        "userDefined": false
      }
    ],
    "isTemplate": false,
    "count": 0,
    "updated": 0
  }
]