[
  {
    "id": "2b7f3f83-c084-4053-a1f9-031aeb04570f",
    "data": [
      {
        "text": "my ",
        "userDefined": false
      },
      {
        "text": "name",
        "meta": "@sys.ignore",
        "userDefined": false
      },
      {
        "text": " is ",
        "userDefined": false
      },
      {
        "text": "asmef",
        "alias": "Name",
        "meta": "@Name",
        "userDefined": true
      }
    ],
    "isTemplate": false,
    "count": 0,
    "updated": 0
  },
  {
    "id": "283692d9-ffbe-4a40-a80c-f7d479621e32",
    "data": [
      {
        "text": "my ",
        "userDefined": false
      },
      {
        "text": "ID",
        "alias": "ID",
        "meta": "@ID",
        "userDefined": false
      },
      {
        "text": " is ",
        "userDefined": false
      },
      {
        "text": "1234",
        "meta": "@sys.ignore",
        "userDefined": false
      }
    ],
    "isTemplate": false,
    "count": 0,
    "updated": 0
  },
  {
    "id": "58a80777-6729-4446-a8c0-0e034c19f9dd",
    "data": [
      {
        "text": "model number",
        "meta": "@sys.ignore",
        "userDefined": false
      },
      {
        "text": " is ",
        "userDefined": false
      },
      {
        "text": "2345",
        "alias": "model",
        "meta": "@model",
        "userDefined": false
      }
    ],
    "isTemplate": false,
    "count": 0,
    "updated": 0
  },
  {
    "id": "1c0834d7-ca9a-4542-a6cb-ab77ebc039bd",
    "data": [
      {
        "text": "its associated with ",
        "userDefined": false
      },
      {
        "text": "entrust",
        "alias": "account",
        "meta": "@account",
        "userDefined": true
      }
    ],
    "isTemplate": false,
    "count": 0
  },
  {
    "id": "0b87c418-2369-463d-bfae-37456b189089",
    "data": [
      {
        "text": "windows",
        "alias": "account",
        "meta": "@account",
        "userDefined": true
      },
      {
        "text": " account",
        "userDefined": false
      }
    ],
    "isTemplate": false,
    "count": 0
  },
  {
    "id": "60ee5e2f-06b8-4966-a98a-be253dc71615",
    "data": [
      {
        "text": "this is the ",
        "userDefined": false
      },
      {
        "text": "enterprise",
        "alias": "account",
        "meta": "@account",
        "userDefined": true
      },
      {
        "text": " account",
        "userDefined": false
      }
    ],
    "isTemplate": false,
    "count": 0
  },
  {
    "id": "d3092aec-71a3-448f-902d-1cf7d6dec41d",
    "data": [
      {
        "text": "it is ",
        "userDefined": false
      },
      {
        "text": "234",
        "alias": "ID",
        "meta": "@ID",
        "userDefined": false
      }
    ],
    "isTemplate": false,
    "count": 0,
    "updated": 0
  },
  {
    "id": "4143a8cf-b997-4f3e-a492-b6f9eb445d0d",
    "data": [
      {
        "text": "model number is ",
        "userDefined": false
      },
      {
        "text": "1232",
        "alias": "model",
        "meta": "@model",
        "userDefined": true
      }
    ],
    "isTemplate": false,
    "count": 1,
    "updated": 1509428442
  },
  {
    "id": "81ac7460-da3c-421c-985c-8823dcb0ed2b",
    "data": [
      {
        "text": "the laptop model number is ",
        "userDefined": false
      },
      {
        "text": "1232349",
        "alias": "model",
        "meta": "@model",
        "userDefined": true
      }
    ],
    "isTemplate": false,
    "count": 0,
    "updated": 1509428442
  },
  {
    "id": "bef419f4-f5c9-4083-bec9-4c8bb5f16070",
    "data": [
      {
        "text": "I am ",
        "userDefined": false
      },
      {
        "text": "askdns",
        "alias": "Name",
        "meta": "@Name",
        "userDefined": true
      }
    ],
    "isTemplate": false,
    "count": 0,
    "updated": 1509345154
  },
  {
    "id": "3a84b3fb-61d3-4381-a476-0acb02294eae",
    "data": [
      {
        "text": "I am ",
        "userDefined": false
      },
      {
        "text": "asjdnsaddn",
        "alias": "Name",
        "meta": "@Name",
        "userDefined": true
      }
    ],
    "isTemplate": false,
    "count": 0,
    "updated": 1509345090
  },
  {
    "id": "34440fa5-0712-4dd1-ae5d-32215da0b63b",
    "data": [
      {
        "text": "My ID is ",
        "userDefined": false
      },
      {
        "text": "212828",
        "alias": "ID",
        "meta": "@ID",
        "userDefined": true
      }
    ],
    "isTemplate": false,
    "count": 0,
    "updated": 1508997001
  },
  {
    "id": "39a4da17-9f7e-4840-96d4-39c66f367779",
    "data": [
      {
        "text": "My employee ID is ",
        "userDefined": false
      },
      {
        "text": "212828",
        "alias": "ID",
        "meta": "@ID",
        "userDefined": true
      }
    ],
    "isTemplate": false,
    "count": 0,
    "updated": 1508993409
  },
  {
    "id": "76f0ea08-9692-4d26-9cfa-2a2c580fee05",
    "data": [
      {
        "text": "My name is ",
        "userDefined": false
      },
      {
        "text": "Shreyas",
        "alias": "Name",
        "meta": "@Name",
        "userDefined": true
      }
    ],
    "isTemplate": false,
    "count": 0,
    "updated": 1508993409
  }
]